SET sql_mode = 'NO_BACKSLASH_ESCAPES';

-- Statut
insert into `Statut` (statutID, nomStatut) values (1, 'Partenaire');
insert into `Statut` (statutID, nomStatut) values (2, 'Non Partenaire');
insert into `Statut` (statutID, nomStatut) values (3, 'En Négociation : Premier contact');
insert into `Statut` (statutID, nomStatut) values (4, 'En Négociation : Confirmation téléphonique');
insert into `Statut` (statutID, nomStatut) values (5, 'Validation du Directeur');
insert into `Statut` (statutID, nomStatut) values (6, 'RDV pour signature accord');
insert into `Statut` (statutID, nomStatut) values (7, 'Archivé');
-- type de prospect
insert into `TypeProspect` (typeProspectID, nomProspect) values (1, 'Salon');
insert into `TypeProspect` (typeProspectID, nomProspect) values (2, 'Forum');
insert into `TypeProspect` (typeProspectID, nomProspect) values (3, 'Mailling');
insert into `TypeProspect` (typeProspectID, nomProspect) values (4, 'Portes Ouvertes');
insert into `TypeProspect` (typeProspectID, nomProspect) values (5, 'Téléphone');
insert into `TypeProspect` (typeProspectID, nomProspect) values (6, 'InterRelation');
-- type de financement
insert into `TypeFinancement` (typeFinancementID, nomTypeFinancement) values (1, 'POEI');
insert into `TypeFinancement` (typeFinancementID, nomTypeFinancement) values (2, 'AIRE');
-- organisme de financement
INSERT INTO  `OrganismeFinancement`  (organismeFinancementID, nomOrganismeFinancement, descriptionOrganismeFinancement, mailOrganismeFinancement, telephoneOrganismeFinancement, adresse, codePostale, ville, interlocuteursOrganismeFinancement, logoUrlOrga, dateDebutPartenariatOrganisme, conditionsAcces, typeFinancementID, typeProspectID, statutID) VALUES (1, 'Pole Emploi', 'Pôle emploi est un établissement public à caractère administratif, chargé de l''emploi en France. Créé le 20 décembre 2008, il est issu de la fusion entre l''Agence nationale pour l''emploi et l''Association pour l''emploi dans l''industrie et le commerce.', 'marie.dupont@pole-emploi.net', 3949, '1-5 Avenue du Dr Gley', '75020', 'Paris', 'Marie Dupont', 'images/Pe.png', '2018-02-17', 'Le candidat doit être inscrit comme demandeur dâemploi (indemnisé ou non).
Il doit avoir reçu une proposition d''emploi d''une durée minimum de 12 mois, soit en CDD, CDI, contrat d''âpprentissage ou de professionnalisation.
Il doit  correspondre partiellement au profil du poste à  pourvoir. Sachez que toutes les entreprises du secteur public ou privé peuvent prétendre à  la mise en place d''une POEI.', 1, 5, 3);
INSERT INTO  `OrganismeFinancement`  (organismeFinancementID, nomOrganismeFinancement, descriptionOrganismeFinancement, mailOrganismeFinancement, telephoneOrganismeFinancement, adresse, codePostale, ville, interlocuteursOrganismeFinancement, logoUrlOrga, dateDebutPartenariatOrganisme, conditionsAcces, typeFinancementID, typeProspectID, statutID) VALUES (2, 'Région Ile de France', 'La Région finance, à travers le dispositif AIRE, des formations facilitant le retour, l''accès ou le maintien en emploi sur des secteurs en tension de recrutement en Île-de-France.', 'samuel.legrand@regionidf.net', '0153855385', '2 Rue Simone Veil', '93400', 'Saint-Ouen', 'Samuel Legrand', 'images/ridf.jpg', '2018-03-01', 'La formation doit faire partie de la liste des formations éligibles AIRE.
Le cas échéant, le demandeur doit disposer d''une promesse d’embauche en Ile-de-France conditionnée à la réalisation d’une formation professionnelle.
Information pour les organisme de formation et les demandeurs : le nombre de décisions d''accord des demandes individuelles est limité à 10 auprès d''un même organisme, sur un même secteur professionnel, au cours d''une même année civile.
Le stagiaire doit s''engager à mobiliser votre compte CPF.', 2, 5, 3);
-- préférence type contrat
insert into `PreferenceTypeContrat` (preferenceTypeContratID, nomTypeContrat) values (1, 'Contrat Professionnel');
insert into `PreferenceTypeContrat` (preferenceTypeContratID, nomTypeContrat) values (2, 'Contrat Professionnel + CDI');
insert into `PreferenceTypeContrat` (preferenceTypeContratID, nomTypeContrat) values (3, 'CDI');
insert into `PreferenceTypeContrat` (preferenceTypeContratID, nomTypeContrat) values (4, 'Pas de Préférence');
insert into `PreferenceTypeContrat` (preferenceTypeContratID, nomTypeContrat) values (5, 'POEI');
-- niveau access
insert into `NiveauAcces` (niveauAccesID, nomNiveauAcces) values (1, 'Ecole');
insert into `NiveauAcces` (niveauAccesID, nomNiveauAcces) values (2, 'Entreprise');
insert into `NiveauAcces` (niveauAccesID, nomNiveauAcces) values (3, 'Stagiaire');
-- Entreprise
INSERT INTO `Entreprise` (entrepriseID, nomEntreprise, descriptionEntreprise, logoUrl, mailEntreprise, telephoneEntreprise, interlocuteurs, dateDebutPartenariat, criteresEntreprise, adresse, ville, codePostale, tauxSatisfaction, tauxParticipationEvenements, statutID, typeProspectID, preferenceTypeContratID, niveauAccesID,password) VALUES (1, 'Le Ritz Paris', 'Le Ritz Paris est un hôtel cinq étoiles situé au cœur de Paris, au 15 place Vendôme, dans le 1er arrondissement de la capitale. C''est un immeuble contigu du ministère de la Justice, au nord-ouest de la place. Le Ritz Paris est considéré comme l''un des plus beaux, grands et luxueux Hôtels au monde.', 'images/RitzParis.png', 'bernard.bouteille@selectour.fr', 561126755, 'Bernard Bouteille', '2019-06-05', 'Maitrise obligatoire de l''Anglais', '15 place Vendome', 'Paris', '75001', 80, 75, 1, 2, 1, 2,'aaaa');
INSERT INTO `Entreprise` (entrepriseID, nomEntreprise, descriptionEntreprise, logoUrl, mailEntreprise, telephoneEntreprise, interlocuteurs, dateDebutPartenariat, criteresEntreprise, adresse, ville, codePostale, tauxSatisfaction, tauxParticipationEvenements, statutID, typeProspectID, preferenceTypeContratID, niveauAccesID,password) VALUES (2, 'Fouquet''s Paris', 'Ce restaurant réputé au cadre raffiné propose des plats français créatifs et plus de 350 vins et champagnes.', 'images/Fouquets.jpg', 'fouquets.lavoine@gmail.com', '0123456789', 'Marc Lavoine', '2016-05-21', 'Experience préalable dans la communication/relations humaines appréciées', '99 Avenue des Champs-Elysees', 'Paris', '75008', 95, 100, 3, 6, 4, 2,'aaaa');
INSERT INTO `Entreprise` (entrepriseID, nomEntreprise, descriptionEntreprise, logoUrl, mailEntreprise, telephoneEntreprise, interlocuteurs, dateDebutPartenariat, criteresEntreprise, adresse, ville, codePostale, tauxSatisfaction, tauxParticipationEvenements, statutID, typeProspectID, preferenceTypeContratID, niveauAccesID,password) VALUES (3, 'Hotel Hilton', 'Second groupe hôtelier mondial', 'images/hilton.jpg', 'Hilton@gmail.com', '0152157896', 'Paul Jacob', '2014-01-17', 'Langues Parlees couramment : Anglais, Français et Espagnol. D''autres langues sont très appréciées.', '18 Rue des Petits Agneaux', 'Paris', '75019', 89, 90, 1, 3, 3, 2,'aaaa');
INSERT INTO `Entreprise` (entrepriseID, nomEntreprise, descriptionEntreprise, logoUrl, mailEntreprise, telephoneEntreprise, interlocuteurs, dateDebutPartenariat, criteresEntreprise, adresse, ville, codePostale, tauxSatisfaction, tauxParticipationEvenements, statutID, typeProspectID, preferenceTypeContratID, niveauAccesID,password) VALUES (4, 'The Peninsula Hotels', 'Forts de leur réputation d''établissements au prestige intemporel, les Hôtels Peninsula accordent une place aussi importante à la définition du luxe à venir qu''à la préservation de leur patrimoine historique. The Peninsula conjugue les éléments attachés au prestige de la marque avec un service incomparable et une attention aux détails, afin offrir un séjour mémorable.', 'images/ThePeninsula.png', 'thepeninsula@gmail.com', 148796251, 'Jeanne Lang', '2017-09-13', 'Maitrise obligatoire de l''Anglais', '1 Place des Reves', 'Paris', '75020', 92, 94, 3, 6, 4, 2,'aaaa');
INSERT INTO `Entreprise` (entrepriseID, nomEntreprise, descriptionEntreprise, logoUrl, mailEntreprise, telephoneEntreprise, interlocuteurs, dateDebutPartenariat, criteresEntreprise, adresse, ville, codePostale, tauxSatisfaction, tauxParticipationEvenements, statutID, typeProspectID, preferenceTypeContratID, niveauAccesID,password) VALUES (5, 'Hotel Mercure', 'Situer dans les plus beaux quartiers de Paris', 'images/Mercure.jpg', 'jeanpierre.petit@gmail.com', '0698856523', 'Jean Pierre Petit', '2020-01-01', 'Recruter des maitres d\hotel  parlant chinois', ' 3 Allee du Verger', 'Roissy en France', '95700', 85, 78, 2, 2, 2, 2,'aaaa');
INSERT INTO `Entreprise` (entrepriseID, nomEntreprise, descriptionEntreprise, logoUrl, mailEntreprise, telephoneEntreprise, interlocuteurs, dateDebutPartenariat, criteresEntreprise, adresse, ville, codePostale, tauxSatisfaction, tauxParticipationEvenements, statutID, typeProspectID, preferenceTypeContratID, niveauAccesID,password) VALUES (6, 'Hotels Sofitel','Situés au coeur de vibrantes métropoles telles que Paris, Londres, New York ou Sydney , les Hôtels Sofitel représentent art de vivre à la française.', 'images/sofitel.jpg','e.chantal@gmail.com', '0142528589','Estelle Chantal','2020-01-15','Sommelier ayant une présentation irréprochable et le sens du contact','15 rue Boissy Anglas', 'Paris','75008', 78, 45, 2, 3, 2, 2,'aaaa');
INSERT INTO `Entreprise` (entrepriseID, nomEntreprise, descriptionEntreprise, logoUrl, mailEntreprise, telephoneEntreprise, interlocuteurs, dateDebutPartenariat, criteresEntreprise, adresse, ville, codePostale, tauxSatisfaction, tauxParticipationEvenements, statutID, typeProspectID, preferenceTypeContratID, niveauAccesID,password) VALUES (7, 'Le Royal','A proximité des grands monuments parisiens, proche de la gare Montparnasse','images/leroyal.png','leroyal@gmail.com', '0785898563','John Bernard', '2020-03-16','Chef de rang : expert en mide en place','33 avenue de Friedland', 'Paris','75008', 85, 98, 1, 1, 3, 2 ,'aaaa');
INSERT INTO `Entreprise` (entrepriseID, nomEntreprise, descriptionEntreprise, logoUrl, mailEntreprise, telephoneEntreprise, interlocuteurs, dateDebutPartenariat, criteresEntreprise, adresse, ville, codePostale, tauxSatisfaction, tauxParticipationEvenements, statutID, typeProspectID, preferenceTypeContratID, niveauAccesID,password) VALUES (8, 'Four Season Hotel','Installé au sein d’un domaine viticole ','images/four-season-hotel.jpg', 'fourseason@gmail.com','0158693147','Yves Boisvert','2020-05-06','Expérience dans la relation clientele exigee','31 avenue George V','Paris', '75008', 98, 78,  1, 1, 4, 2 ,'aaaa');
INSERT INTO `Entreprise` (entrepriseID, nomEntreprise, descriptionEntreprise, logoUrl, mailEntreprise, telephoneEntreprise, interlocuteurs, dateDebutPartenariat, criteresEntreprise, adresse, ville, codePostale, tauxSatisfaction, tauxParticipationEvenements, statutID, typeProspectID, preferenceTypeContratID, niveauAccesID,password) VALUES (9,  'Magestic Hotel','En plein centre de Paris , hotel SPA','images/majestic.png','magestic@gmail.com', '0789652365','Manon Roy','2020-04-08','Anglais courant ','30 Rue La Perouse','Paris','75016',45, 56 , 2, 2, 5, 2,'aaaa');
INSERT INTO `Entreprise` (entrepriseID, nomEntreprise, descriptionEntreprise, logoUrl, mailEntreprise, telephoneEntreprise, interlocuteurs, dateDebutPartenariat, criteresEntreprise, adresse, ville, codePostale, tauxSatisfaction, tauxParticipationEvenements, statutID, typeProspectID, preferenceTypeContratID, niveauAccesID,password) VALUES (10, 'Hôtel Plaza Athénée','Hôtel Plaza Athénée est pas un palace ordinaire. Ici, sur la prestigieuse avenue Montaigne adresse de la Haute Couture française','images/plaza.jpg','p.sylvain@gmail.com','0785236589','Pascaline Sylvain','2016-07-12','Chef de Rang et Sommeliers','25 Avenue Montaigne','Paris','75008', 58, 25, 2, 1, 1, 2,'aaaa');
INSERT INTO `Entreprise` (entrepriseID, nomEntreprise, descriptionEntreprise, logoUrl, mailEntreprise, telephoneEntreprise, interlocuteurs, dateDebutPartenariat, criteresEntreprise, adresse, ville, codePostale, tauxSatisfaction, tauxParticipationEvenements, statutID, typeProspectID, preferenceTypeContratID, niveauAccesID,password) VALUES (11, 'Champs Elysees Plaza','Tout près de monuments populaires comme Musée du Louvre (2,6 km) et Montmartre (2,8 km), le Champs Elysees Plaza Hotel est le point de départ parfait pour partir à la découverte de Paris','images/champs.png','champs@gmail.com', '0158963254','Odelette Fontaine','2015-08-07','Grandes disponibilites : travail soirs et week end ','2 rue Artois','Paris','75008',65, 85, 2, 5, 1, 2,'aaaa');
INSERT INTO `Entreprise` (entrepriseID, nomEntreprise, descriptionEntreprise, logoUrl, mailEntreprise, telephoneEntreprise, interlocuteurs, dateDebutPartenariat, criteresEntreprise, adresse, ville, codePostale, tauxSatisfaction, tauxParticipationEvenements, statutID, typeProspectID, preferenceTypeContratID, niveauAccesID,password) VALUES (12, 'Hotel Louvre','Situé au coeur de Paris et entouré des plus beaux sites culturels de la capitale Hôtel du Louvre est à 2 minutes de marche à peine du célèbre musée du même nom, et à 10 minutes de l Opéra Garnier','images/louvre.jpg','louvre.matilda@gmail.com', '0789563214','Matilda Houde', '2018-08-08','Langues : Anglais , Espagnol','place Andre Maraux', 'Paris','75001', 52, 65, 2, 4, 1, 2,'aaaa');
INSERT INTO `Entreprise` (entrepriseID, nomEntreprise, descriptionEntreprise, logoUrl, mailEntreprise, telephoneEntreprise, interlocuteurs, dateDebutPartenariat, criteresEntreprise, adresse, ville, codePostale, tauxSatisfaction, tauxParticipationEvenements, statutID, typeProspectID, preferenceTypeContratID, niveauAccesID,password) VALUES (13, 'Hotel Napoleon','Idéalement situé à deux pas des Champs-Elysées et de l’Arc du Triomphe, l’Hôtel Napoléon offre l’expérience d’une grande maison privée, très parisienne','images/napoleon.png','hotel.napoleon@gmail.com', '0685965234','Manchu Chen','2017-05-08','Maitre hotel spécialisé dans Art Culinaire','40 avenue de Friedland','Paris','75008',52, 85, 1, 4, 4, 2,'aaaa');
INSERT INTO `Entreprise` (entrepriseID, nomEntreprise, descriptionEntreprise, logoUrl, mailEntreprise, telephoneEntreprise, interlocuteurs, dateDebutPartenariat, criteresEntreprise, adresse, ville, codePostale, tauxSatisfaction, tauxParticipationEvenements, statutID, typeProspectID, preferenceTypeContratID, niveauAccesID,password) VALUES (14, 'Hotel du Palais Royal','A deux pas du Palais Royal et de son romantique jardin à la française, Avoisinant le Louvre, et le Jardin des Tuileries','images/palais.jpg','palais.royal@gmail.com', '0789563214','Marino Bianchi','2017-05-18','Langues: anglais obligatoire','4 rue de Valois','Paris','75001',78, 78, 1, 2, 3, 2,'aaaa');
-- Type evenement
insert into `TypeEvenement` (typeEvenementID, nomTypeEvenement) values (1, 'Salon');
insert into `TypeEvenement` (typeEvenementID, nomTypeEvenement) values (2, 'Forum');
insert into `TypeEvenement` (typeEvenementID, nomTypeEvenement) values (3, 'Job Dating');
insert into `TypeEvenement` (typeEvenementID, nomTypeEvenement) values (4, 'Journée Portes Ouvertes');
insert into `TypeEvenement` (typeEvenementID, nomTypeEvenement) values (5, 'Entretient');
insert into `TypeEvenement` (typeEvenementID, nomTypeEvenement) values (6, 'RDV');
-- Utilisateurs
insert into `Utilisateur` (utilisateursID, fonctionUtilisateur, nomUtilisateur, prenomUtilisateur, nomPrenomUtilisateurs, identifiantUtilisateur, motdepasseUtilisateur, photoUrlUtilisateur, niveauAccesID) values (1, 'Directeur', 'Robert', 'Godwin', 'Robert Godwin - Directeur', 'r.godwin', 'azerty1', 'images/RobertGodwin.jpg', 1);
insert into `Utilisateur` (utilisateursID, fonctionUtilisateur, nomUtilisateur, prenomUtilisateur, nomPrenomUtilisateurs, identifiantUtilisateur, motdepasseUtilisateur, photoUrlUtilisateur, niveauAccesID) values (2, 'RCD', 'Diry', 'Malika', 'Malika Diry - RCD', 'm.diry', 'azerty2', 'images/MalikaDiry.jpg', 1);
insert into `Utilisateur` (utilisateursID, fonctionUtilisateur, nomUtilisateur, prenomUtilisateur, nomPrenomUtilisateurs, identifiantUtilisateur, motdepasseUtilisateur, photoUrlUtilisateur, niveauAccesID) values (3, 'RRSE', 'Poiriet', 'Emilie', 'Emilie Poiriet - RRSE', 'e.poiriet', 'azerty3', 'images/EmiliePoiriet.jpg', 1);
insert into `Utilisateur` (utilisateursID, fonctionUtilisateur, nomUtilisateur, prenomUtilisateur, nomPrenomUtilisateurs, identifiantUtilisateur, motdepasseUtilisateur, photoUrlUtilisateur, niveauAccesID) values (4, 'Secrétaire', 'Anibe', 'Luc', 'Luc Anibe - Sectréaire', 'l.anib', 'azerty4', 'images/LucAnibe.jpg', 1);
-- Compte_Rendu
insert into `CompteRendu` (compteRenduID, nomCompteRendu, contenuCompteRendu ) values (1, 'Essai', 'System.Windows.Forms.TextBox, Text: Salon de la Reconversion. Rencontre avec...');
insert into `CompteRendu` (compteRenduID, nomCompteRendu, contenuCompteRendu) values (5, 'Salon de l''Etudiant 2019', 'Avec la RRSE');

-- evenement
INSERT INTO `Evenement` (evenementID, dateEvenement, heureEvenement, lieuEvenement, descriptionEvenement, personneEvenement, utilisateurID, typeEvenementID, compteRendu_compteRenduID) VALUES (1,'2020-06-15','10:00',' Ritz Hotel','Premier entretient de recrutement','Responsable RH Ritz',4,5,null);
INSERT INTO `Evenement` (evenementID, dateEvenement, heureEvenement, lieuEvenement, descriptionEvenement, personneEvenement, utilisateurID, typeEvenementID, compteRendu_compteRenduID) VALUES (2,'2020-06-10','15:00',' Parc Exposition','Forum pour l''emploi dans l''hotellerie','Directeur de l''école',4,5,null);
INSERT INTO `Evenement` (evenementID, dateEvenement, heureEvenement, lieuEvenement, descriptionEvenement, personneEvenement, utilisateurID, typeEvenementID, compteRendu_compteRenduID) VALUES (3,'2020-06-11','10:00',' Ecole Prestige Academy','Entre les recruteurs de nos partenaires et nos stagiaire de la promotion ''Sommeliers','Responsable RH Ritz',4,3,null);
INSERT INTO `Evenement` (evenementID, dateEvenement, heureEvenement, lieuEvenement, descriptionEvenement, personneEvenement, utilisateurID, typeEvenementID, compteRendu_compteRenduID) VALUES (4,'2020-06-17','10:00',' Ritz Hotel','Salon de l''étudiant','Responsable Communication ',4,1,null);
INSERT INTO `Evenement` (evenementID, dateEvenement, heureEvenement, lieuEvenement, descriptionEvenement, personneEvenement, utilisateurID, typeEvenementID, compteRendu_compteRenduID) VALUES (5,'2020-06-19','09:00',' Ritz Hotel','Deuxième entretient de recrutement','Responsable RH Ritz',4,5,null);
INSERT INTO `Evenement` (evenementID, dateEvenement, heureEvenement, lieuEvenement, descriptionEvenement, personneEvenement, utilisateurID, typeEvenementID, compteRendu_compteRenduID) VALUES (6,'2020-06-23','10:00',' Ritz Hotel','Journees portes ouvertes pour la présentation de la nouvelle promotion','Directeur de l''ecole',4,5,null);
INSERT INTO `Evenement` (evenementID, dateEvenement, heureEvenement, lieuEvenement, descriptionEvenement, personneEvenement, utilisateurID, typeEvenementID, compteRendu_compteRenduID) VALUES (7,'2020-06-15','10:00',' Ritz Hotel','Salon Emploi Hotellerie à Paris','Directeur ',4,1,null);
INSERT INTO `Evenement` (evenementID, dateEvenement, heureEvenement, lieuEvenement, descriptionEvenement, personneEvenement, utilisateurID, typeEvenementID, compteRendu_compteRenduID) VALUES (8,'2020-06-15','10:00',' Ritz Hotel','Rendez-vous pour la signature de contrat de prospection','Responsable et Directeur',4,6,null);

-- spécialté de la formation
insert into `SpecialiteFormation` (specialitFformationID, nomPromotion, niveauEtudeAcces, dureeFormation) values (1, 'Gérant d''Hôtel', 'Bac+2', '8 mois');
insert into `SpecialiteFormation` (specialitFformationID, nomPromotion, niveauEtudeAcces, dureeFormation) values (2, 'Sommelier', 'Pas de Niveau Prérequis, Langues étrangère requise', '6 mois');
insert into `SpecialiteFormation` (specialitFformationID, nomPromotion, niveauEtudeAcces, dureeFormation) values (3, 'Chef de rang', 'Bac', '6 mois');
insert into `SpecialiteFormation` (specialitFformationID, nomPromotion, niveauEtudeAcces, dureeFormation) values (4, 'Maître d’Hôtel', 'Formation Chef de Rang Validée ou expériences préalables en tant que Chef de Rang', '4 mois');
-- promotion
insert into `Promotion` (promotionID, nomPromotion, anneePromotion, specialiteFormationID) values (1, 'GH6', 2020, 1);
insert into `Promotion` (promotionID, nomPromotion, anneePromotion, specialiteFormationID) values (2, 'SOM10', 2020, 2);
insert into `Promotion` (promotionID, nomPromotion, anneePromotion, specialiteFormationID) values (3, 'CR5', 2020, 3);
insert into `Promotion` (promotionID, nomPromotion, anneePromotion, specialiteFormationID) values (4, 'M4', 2020, 4);
-- Statut de financement
insert into `StatutFinancement` (statutFinancementID, nomFinancement, montant) values (1, 'Financement Personnel','3600 euros');
insert into `StatutFinancement` (statutFinancementID, nomFinancement, montant) values (2, 'POEI','4800 euros');
insert into `StatutFinancement` (statutFinancementID, nomFinancement, montant) values (3, 'En attente de POEI','4800 euros');
insert into `StatutFinancement` (statutFinancementID, nomFinancement, montant) values (4, 'Financement Région IdF','5600 euros');
insert into `StatutFinancement` (statutFinancementID, nomFinancement, montant) values (5, 'En attente Finacement Région IdF','5600 euros');
insert into `StatutFinancement` (statutFinancementID, nomFinancement, montant) values (6, 'Contrat Professionnel','6800 euros');
insert into `StatutFinancement` (statutFinancementID, nomFinancement, montant) values (7, 'En attente de Contrat Professionnel','6800 euros');
-- dossier paiement
insert into `DossierPaiement` (dossierPaiementID, commentaire) values (1, 'paiement en 1 fois');
insert into `DossierPaiement` (dossierPaiementID, commentaire) values (2, 'paiement en 2 fois');
insert into `DossierPaiement` (dossierPaiementID, commentaire) values (3, 'paiement en 3 fois');
insert into `DossierPaiement` (dossierPaiementID, commentaire) values (4, 'paiement en 4 fois');
insert into `DossierPaiement` (dossierPaiementID, commentaire) values (5, 'paiement en 6 fois');
insert into `DossierPaiement` (dossierPaiementID, commentaire) values (6, 'paiement en 10 fois');
-- Statut de processus de recrutement
insert into `StatutProcessusRecrutement` (statutProcessusRecrutementID, nomStatutProcessus) values (1, 'En attente d''Entretient 1');
insert into `StatutProcessusRecrutement` (statutProcessusRecrutementID, nomStatutProcessus) values (2, 'En attente de l''Entretient 2');
insert into `StatutProcessusRecrutement` (statutProcessusRecrutementID, nomStatutProcessus) values (3, 'En attente de Réponse');
insert into `StatutProcessusRecrutement` (statutProcessusRecrutementID, nomStatutProcessus) values (4, 'Recruté');
-- Statut de recrutement
insert into `StatutRecrutement` (statutRecrutementID, nomStatutRecrutement) values (1, 'Recrutement Non Souhaité');
insert into `StatutRecrutement` (statutRecrutementID, nomStatutRecrutement) values (2, 'Processus de Recrutement En Cours');
insert into `StatutRecrutement` (statutRecrutementID, nomStatutRecrutement) values (3, 'Recruté');
-- Stagiaire
INSERT INTO `Stagiaire` (stagiaireID, nomStagiaire, prenomStagiaire, nomPrenom, languesParlees, sexe, dateAnniversaireStagiaire, diplome, telephoneStagiaire, mailStagiaire, adresse, codePostale, photoUrl, ville, cvUrl, assiduiteStagiaire, promotionID, statutFinancementID, statutRecrutementID, dossierPaiementID, niveauAccesID,password) VALUES (1, 'Marceau', 'Lara', 'Lara Marceau', 'Anglais, Espagnol, Chinois, Néerlandais', 'Femme', '1990-05-05', 'Licence Langues Etrangères', '0618529855', 'lara.marceau@hotmail.fr', '1 Rue de la Paix', '92160', 'images/LauraMarceau.jpg', 'Antony', null, 'Pas d''Absence', 1, 6, 2, 1, 3,'bbbb');
INSERT INTO `Stagiaire` (stagiaireID, nomStagiaire, prenomStagiaire, nomPrenom, languesParlees, sexe, dateAnniversaireStagiaire, diplome, telephoneStagiaire, mailStagiaire, adresse, codePostale, photoUrl, ville, cvUrl, assiduiteStagiaire, promotionID, statutFinancementID, statutRecrutementID, dossierPaiementID, niveauAccesID,password) VALUES (2, 'Valaire', 'Jeremy', 'Jeremy Valaire', 'Anglais, Espagnol, Italien, Portugais', 'Homme', '1989-02-15', 'Licence en Langues Etrangères Appliquées', '0687751823', 'jeremy.valaire@gmail.com', '5 Place Antoine de Saint-Exupery', '92100', 'images/JeremyValaire.jpg', 'Boulogne-Billancourt', null, 'Pas d''Absence', 1, 1, 2, 6, 3,'bbbb');
INSERT INTO `Stagiaire` (stagiaireID, nomStagiaire, prenomStagiaire, nomPrenom, languesParlees, sexe, dateAnniversaireStagiaire, diplome, telephoneStagiaire, mailStagiaire, adresse, codePostale, photoUrl, ville, cvUrl, assiduiteStagiaire, promotionID, statutFinancementID, statutRecrutementID, dossierPaiementID, niveauAccesID,password) VALUES (3, 'Dupont', 'Marc', 'Marc Dupont', 'Anglais, Allemand', 'Homme', '1992-07-01', 'Bac L ', '0605499878', 'marc.dupont@hotmail.fr', '18 Rue des Petits Agneaux', '92320', 'images/MarcDupont.jpg', 'Châtillon', null, 'Pas d''Absence', 2, 1, 2, 3, 3,'bbbb');
INSERT INTO `Stagiaire` (stagiaireID, nomStagiaire, prenomStagiaire, nomPrenom, languesParlees, sexe, dateAnniversaireStagiaire, diplome, telephoneStagiaire, mailStagiaire, adresse, codePostale, photoUrl, ville, cvUrl, assiduiteStagiaire, promotionID, statutFinancementID, statutRecrutementID, dossierPaiementID, niveauAccesID,password) VALUES (4, 'Paloma', 'Mia', 'Mia Paloma', 'Anglais, Allemand, Espagnol', 'Femme', '1994-11-25', 'Licence Langues Etrangères', '0663545968', 'mia.paloma@gmail.com', '65 Avenue de la Liberté', '92240', 'images/MiaPaloma.png', 'Malakoff', '', 'Pas d''Absence', 1, 3, 2, 6, 3,'bbbb');
INSERT INTO `Stagiaire` (stagiaireID, nomStagiaire, prenomStagiaire, nomPrenom, languesParlees, sexe, dateAnniversaireStagiaire, diplome, telephoneStagiaire, mailStagiaire, adresse, codePostale, photoUrl, ville, cvUrl, assiduiteStagiaire, promotionID, statutFinancementID, statutRecrutementID, dossierPaiementID, niveauAccesID,password) VALUES (5, 'Perrot', 'Nina', 'Nina Perrot', 'Anglais', 'Femme', '1993-04-28', 'Licence Histoire de l''Art', '0656044825', 'nina.perrot@gmail.com', '51 Rue du Lac', '92800', 'images/NinaPerrot.png', 'Puteaux', null, 'Pas d''Absence', 1, 3, 2, 2, 3,'bbbb');
INSERT INTO `Stagiaire` (stagiaireID, nomStagiaire, prenomStagiaire, nomPrenom, languesParlees, sexe, dateAnniversaireStagiaire, diplome, telephoneStagiaire, mailStagiaire, adresse, codePostale, photoUrl, ville, cvUrl, assiduiteStagiaire, promotionID, statutFinancementID, statutRecrutementID, dossierPaiementID, niveauAccesID,password) VALUES (6, 'Moretti', 'Paolo', 'Paolo Moretti', 'Anglais', 'Homme', '1984-08-08', 'Bachelor Marketing des Produits Financiers', '0684578912', 'paolo.moretti@hotmail.fr', '27 Place de la Paresse', '92150', 'images/PaoloMoretti.png', 'Suresnes', null, 'Pas d''Absence', 2, 2, 3, 2, 3,'bbbb');
INSERT INTO `Stagiaire` (stagiaireID, nomStagiaire, prenomStagiaire, nomPrenom, languesParlees, sexe, dateAnniversaireStagiaire, diplome, telephoneStagiaire, mailStagiaire, adresse, codePostale, photoUrl, ville, cvUrl, assiduiteStagiaire, promotionID, statutFinancementID, statutRecrutementID, dossierPaiementID, niveauAccesID,password) VALUES (7, 'Costa', 'Miles', 'Miles Costa', 'Anglais, Espagnol', 'Homme', '1997-01-30', 'Bac ES', '0654785225', 'miles.costa@outlook.com', '2 Boulevard des Coquelicots', '92420', 'images/MilesCosta.jpg', 'Vaucresson', null, 'Pas d''Absence', 2, 1, 1, 3, 3,'bbbb');
INSERT INTO `Stagiaire` (stagiaireID, nomStagiaire, prenomStagiaire, nomPrenom, languesParlees, sexe, dateAnniversaireStagiaire, diplome, telephoneStagiaire, mailStagiaire, adresse, codePostale, photoUrl, ville, cvUrl, assiduiteStagiaire, promotionID, statutFinancementID, statutRecrutementID, dossierPaiementID, niveauAccesID,password) VALUES (8, 'Rizo', 'Lola', 'Lola Rizo', null, 'Femme', '1996-09-04', 'Bac Pro Cultures Marines', '0605084426', 'lola.rizo@outlook.com', '1 Place des Rêves', '93300', 'images/LolaRizo.png', 'Aubervilliers', null, 'Pas d''Absence', 2, 1, 3, 4, 3,'bbbb');
INSERT INTO `Stagiaire` (stagiaireID, nomStagiaire, prenomStagiaire, nomPrenom, languesParlees, sexe, dateAnniversaireStagiaire, diplome, telephoneStagiaire, mailStagiaire, adresse, codePostale, photoUrl, ville, cvUrl, assiduiteStagiaire, promotionID, statutFinancementID, statutRecrutementID, dossierPaiementID, niveauAccesID,password) VALUES (9, 'Abahel', 'Jean', 'Jean Abahel', 'Anglais Espagnol', 'Homme', '1981-11-22', 'Master Culture et Communication', '0648780606', 'jean.abahel@gmail.com', '51 Rue du Lac', '93140', 'images/JeanAbahel.png', 'Bondy', null, 'Pas d''Absence', 1, 4, 2, null, 3,'bbbb');
INSERT INTO `Stagiaire` (stagiaireID, nomStagiaire, prenomStagiaire, nomPrenom, languesParlees, sexe, dateAnniversaireStagiaire, diplome, telephoneStagiaire, mailStagiaire, adresse, codePostale, photoUrl, ville, cvUrl, assiduiteStagiaire, promotionID, statutFinancementID, statutRecrutementID, dossierPaiementID, niveauAccesID,password) VALUES (10, 'Ndam', 'Mathieu', 'Mathieu Ndam', null, 'Homme', '1992-05-11', 'DUT Informatique', '0658455636', 'mathieu.ndam@hotmail.fr', '65 Avenue de la Liberté', '93150', 'images/MathieuNdam.png', 'Le Blanc-Mesnil', null, 'Pas d''Absence', 2, 5, 1, null, 3,'bbbb');
INSERT INTO `Stagiaire` (stagiaireID, nomStagiaire, prenomStagiaire, nomPrenom, languesParlees, sexe, dateAnniversaireStagiaire, diplome, telephoneStagiaire, mailStagiaire, adresse, codePostale, photoUrl, ville, cvUrl, assiduiteStagiaire, promotionID, statutFinancementID, statutRecrutementID, dossierPaiementID, niveauAccesID,password) VALUES (11, 'Boudon', 'Alice', 'Alice Boudon', null, 'Femme', '1991-12-10', 'Bac Pro Photographie', '0694450012', 'alice.boudon@hotmail.fr', '10 Boulevard des Demoiselles', '78490', 'images/AliceBoudon.png', 'Gambais', null, 'Pas d''Absence', 2, 5, 3, null, 3,'bbbb');
INSERT INTO `Stagiaire` (stagiaireID, nomStagiaire, prenomStagiaire, nomPrenom, languesParlees, sexe, dateAnniversaireStagiaire, diplome, telephoneStagiaire, mailStagiaire, adresse, codePostale, photoUrl, ville, cvUrl, assiduiteStagiaire, promotionID, statutFinancementID, statutRecrutementID, dossierPaiementID, niveauAccesID,password) VALUES (13, 'Mira', 'Marcel', 'Marcel Mira', null, 'Homme', '1990-09-12', 'Bac Pro Étude et Définition de Produits Industriels', '0748520264', 'marcel.mira@outlook.com', '10 Boulevard des Demoiselles', '77100', 'images/MarcelMira.png', 'Meaux', null, 'Pas d''Absence', 2, 3, 2, null, 3,'bbbb');
INSERT INTO `Stagiaire` (stagiaireID, nomStagiaire, prenomStagiaire, nomPrenom, languesParlees, sexe, dateAnniversaireStagiaire, diplome, telephoneStagiaire, mailStagiaire, adresse, codePostale, photoUrl, ville, cvUrl, assiduiteStagiaire, promotionID, statutFinancementID, statutRecrutementID, dossierPaiementID, niveauAccesID,password) VALUES (14, 'Bodis', 'Mathieu', 'Mathieu Bodis', null, 'Homme', '1989-03-15', 'Bac Pro Métiers de l’alimentation', '0745981556', 'mathieu.bodis@outlook.com', '1 Place des Rêves', '75002', 'images/MathieuBodis.png', 'Paris', null, 'Pas d''Absence', 2, 3, 2, null, 3,'bbbb');
INSERT INTO `Stagiaire` (stagiaireID, nomStagiaire, prenomStagiaire, nomPrenom, languesParlees, sexe, dateAnniversaireStagiaire, diplome, telephoneStagiaire, mailStagiaire, adresse, codePostale, photoUrl, ville, cvUrl, assiduiteStagiaire, promotionID, statutFinancementID, statutRecrutementID, dossierPaiementID, niveauAccesID,password) VALUES (15, 'Picaso', 'Cassandra', 'Cassandra Picasso', null, 'Femme', '1993-04-16', 'Bac Pro Métiers de la mode - vêtement', '0658412323', 'cassandra.picaso@hotmail.fr', '7 Rue de la Reconversion', '75004', 'images/CassandraPicasso.png', 'Paris', null, 'Pas d''Absences', 2, 7, 3, null, 3,'bbbb');
INSERT INTO `Stagiaire` (stagiaireID, nomStagiaire, prenomStagiaire, nomPrenom, languesParlees, sexe, dateAnniversaireStagiaire, diplome, telephoneStagiaire, mailStagiaire, adresse, codePostale, photoUrl, ville, cvUrl, assiduiteStagiaire, promotionID, statutFinancementID, statutRecrutementID, dossierPaiementID, niveauAccesID,password) VALUES (16, 'Othman', 'Safa', 'Safa Othman', null, 'Femme', '1990-01-18', 'Licence Histoire de l''Art', '0748561212', 'safa.othman@outlook.com', '15 Place de la Seconde Chance', '75006', 'images/SafaOthman.png', 'Paris', null, 'Pas d''Absence', 1, 5, 3, null, 3,'bbbb');
INSERT INTO `Stagiaire` (stagiaireID, nomStagiaire, prenomStagiaire, nomPrenom, languesParlees, sexe, dateAnniversaireStagiaire, diplome, telephoneStagiaire, mailStagiaire, adresse, codePostale, photoUrl, ville, cvUrl, assiduiteStagiaire, promotionID, statutFinancementID, statutRecrutementID, dossierPaiementID, niveauAccesID,password) VALUES (17, 'Kuras', 'Melis', 'Melis Kuras', null, 'Femme', '1985-02-13', 'Master Santé Publique', '0765322449', 'melis.kuras@gmail.com', '4 Boulevard du Jourdain', '75014', 'images/MelisKuras.png', 'Paris', null, 'Pas d''Absence', 1, 1, 3, null, 3,'bbbb');
INSERT INTO `Stagiaire` (stagiaireID, nomStagiaire, prenomStagiaire, nomPrenom, languesParlees, sexe, dateAnniversaireStagiaire, diplome, telephoneStagiaire, mailStagiaire, adresse, codePostale, photoUrl, ville, cvUrl, assiduiteStagiaire, promotionID, statutFinancementID, statutRecrutementID, dossierPaiementID, niveauAccesID,password) VALUES (18, 'Michel', 'Claudine', 'Claudine Michel', null, 'Femme', '1989-01-12', 'L2 Ressources Humaines', '0632514594', 'michel.claudine@gmail.com', null, '75017', 'images/ClaudineMichel.png', 'Paris', null, 'Pas d''absence', 2, 2, 3, null, 3,'bbbb');
INSERT INTO `Stagiaire` (stagiaireID, nomStagiaire, prenomStagiaire, nomPrenom, languesParlees, sexe, dateAnniversaireStagiaire, diplome, telephoneStagiaire, mailStagiaire, adresse, codePostale, photoUrl, ville, cvUrl, assiduiteStagiaire, promotionID, statutFinancementID, statutRecrutementID, dossierPaiementID, niveauAccesID,password) VALUES (19, 'Richard', 'André', 'André Richard', null, 'Homme', '1984-04-13', 'Licence Gestion', '0745218863', 'richard.andré@gmail.com', null, '75016', 'images/AndréRichard.png', 'Paris', null, 'Pas d''absence', 1, 5, 2, null, 3,'bbbb');
INSERT INTO `Stagiaire` (stagiaireID, nomStagiaire, prenomStagiaire, nomPrenom, languesParlees, sexe, dateAnniversaireStagiaire, diplome, telephoneStagiaire, mailStagiaire, adresse, codePostale, photoUrl, ville, cvUrl, assiduiteStagiaire, promotionID, statutFinancementID, statutRecrutementID, dossierPaiementID, niveauAccesID,password) VALUES (20, 'Marcel', 'Nadine', 'Nadine Marcel', null, 'Femme', '1997-05-12', 'L2 STAPS', '0657843589', 'marcel.nadine@gmail.com', '7 Rue de la Reconversion', '75005', 'images/NadineMarcel.png', 'Paris', null, 'Pas d''Absence', 2, 2, 3, null, 3,'bbbb');
INSERT INTO `Stagiaire` (stagiaireID, nomStagiaire, prenomStagiaire, nomPrenom, languesParlees, sexe, dateAnniversaireStagiaire, diplome, telephoneStagiaire, mailStagiaire, adresse, codePostale, photoUrl, ville, cvUrl, assiduiteStagiaire, promotionID, statutFinancementID, statutRecrutementID, dossierPaiementID, niveauAccesID,password) VALUES (21, 'Fontaine', 'Patrice', 'Patrice Fontaine', null, 'Homme', '1987-01-08', 'Bac Pro Transport Fluvial ', '0784599268', 'fontaine.patrice@gmail.com', '2 Rue des Escapades', '75007', 'images/PatriceFontaine.png', 'Paris', null, 'Pas d''Absence', 2, 3, 2, null, 3,'bbbb');
INSERT INTO `Stagiaire` (stagiaireID, nomStagiaire, prenomStagiaire, nomPrenom, languesParlees, sexe, dateAnniversaireStagiaire, diplome, telephoneStagiaire, mailStagiaire, adresse, codePostale, photoUrl, ville, cvUrl, assiduiteStagiaire, promotionID, statutFinancementID, statutRecrutementID, dossierPaiementID, niveauAccesID,password) VALUES (22, 'Dupont', 'Marc', 'Marc Dupont', null, 'Homme', '1993-06-09', 'Bac ES', '0786652933', 'dupont.marc@gmail.com', '27 Place de la Paresse', '75008', 'images/', 'Paris', null, 'Pas d''Absence', 2, 2, 3, null, 3,'bbbb');
INSERT INTO `Stagiaire` (stagiaireID, nomStagiaire, prenomStagiaire, nomPrenom, languesParlees, sexe, dateAnniversaireStagiaire, diplome, telephoneStagiaire, mailStagiaire, adresse, codePostale, photoUrl, ville, cvUrl, assiduiteStagiaire, promotionID, statutFinancementID, statutRecrutementID, dossierPaiementID, niveauAccesID,password) VALUES (23, 'Girad', 'Pierre', 'Pierre Girad', null, 'Homme', '1997-02-28', 'LIcence Science et Vie de la Terre', '0659824779', 'girad.pierre@gmail.com', '1 Rue de la Paix', '75009', 'images/', 'Paris', null, 'Pas d''Absence', 1, 4, 1, 6, 3,'bbbb');
INSERT INTO `Stagiaire` (stagiaireID, nomStagiaire, prenomStagiaire, nomPrenom, languesParlees, sexe, dateAnniversaireStagiaire, diplome, telephoneStagiaire, mailStagiaire, adresse, codePostale, photoUrl, ville, cvUrl, assiduiteStagiaire, promotionID, statutFinancementID, statutRecrutementID, dossierPaiementID, niveauAccesID,password) VALUES (24, 'Roux', 'Didier', 'Didier Roux', null, 'Homme', '1992-08-02', 'Master ressources Humaines', '0698752486', 'roux.didier@gmail.com', '8 Place de la Liberté', '75013', 'images/DidierRoux.png', 'Paris', null, 'Pas d''Absence', 1, 4, 3, 6, 3,'bbbb');
INSERT INTO `Stagiaire` (stagiaireID, nomStagiaire, prenomStagiaire, nomPrenom, languesParlees, sexe, dateAnniversaireStagiaire, diplome, telephoneStagiaire, mailStagiaire, adresse, codePostale, photoUrl, ville, cvUrl, assiduiteStagiaire, promotionID, statutFinancementID, statutRecrutementID, dossierPaiementID, niveauAccesID,password) VALUES (25, 'Dubois', 'Julien', 'Julien Dubois', 'Anglais, Espagnol', 'Homme', '1993-06-12', 'Bac L', '0632598789', 'dubois.julien@gmail.com', '2 Rue des Escapades', '75012', 'images/Julien Dubois.png', 'Paris', null, 'Pas d''Absence', 2, 3, 2, null, 3,'bbbb');
INSERT INTO `Stagiaire` (stagiaireID, nomStagiaire, prenomStagiaire, nomPrenom, languesParlees, sexe, dateAnniversaireStagiaire, diplome, telephoneStagiaire, mailStagiaire, adresse, codePostale, photoUrl, ville, cvUrl, assiduiteStagiaire, promotionID, statutFinancementID, statutRecrutementID, dossierPaiementID, niveauAccesID,password) VALUES (26, 'Martin', 'Sébastien', 'Sébastien Martin', null, 'Homme', '1994-04-13', 'Licence histoire', '0625874139', 'martin.sébastien@gmail.com', '24 Boulevard Mitterand', '75001', 'images/', 'Paris', null, 'Pas d''Absence', 1, 1, 1, 5, 3,'bbbb');
INSERT INTO `Stagiaire` (stagiaireID, nomStagiaire, prenomStagiaire, nomPrenom, languesParlees, sexe, dateAnniversaireStagiaire, diplome, telephoneStagiaire, mailStagiaire, adresse, codePostale, photoUrl, ville, cvUrl, assiduiteStagiaire, promotionID, statutFinancementID, statutRecrutementID, dossierPaiementID, niveauAccesID,password) VALUES (27, 'Boudon', 'Alice', 'Alice Boudon', 'Anglais, Espagnol', 'Femme', '1998-03-07', 'Bac Pro Cuisine', '0784512935', 'boudon.alice@gmail.com', '10 Boulevard des Demoiselles', '91410', 'images/AliceBoudon2.png', 'Dourdan', null, 'Pas d''Absence', 2, 3, 2, null, 3,'bbbb');
INSERT INTO `Stagiaire` (stagiaireID, nomStagiaire, prenomStagiaire, nomPrenom, languesParlees, sexe, dateAnniversaireStagiaire, diplome, telephoneStagiaire, mailStagiaire, adresse, codePostale, photoUrl, ville, cvUrl, assiduiteStagiaire, promotionID, statutFinancementID, statutRecrutementID, dossierPaiementID, niveauAccesID,password) VALUES (28, 'Dubois', 'Isabelle', 'Isabelle Dubois', null, 'Femme', '1992-06-14', 'L1 Gestion', '0658411123', 'isabelle.dubois@outlook.com', '23 Rue Charles Gustave Stoskopf', '94140', 'images/IsabelleDubois.png', 'Alforville', null, 'Pas d''Absence', 2, 2, 3, 1, 3,'bbbb');
INSERT INTO `Stagiaire` (stagiaireID, nomStagiaire, prenomStagiaire, nomPrenom, languesParlees, sexe, dateAnniversaireStagiaire, diplome, telephoneStagiaire, mailStagiaire, adresse, codePostale, photoUrl, ville, cvUrl, assiduiteStagiaire, promotionID, statutFinancementID, statutRecrutementID, dossierPaiementID, niveauAccesID,password) VALUES (29, 'Ziadi', 'Karim', 'Karim Ziadi', 'Anglais, Arabe', 'Homme', '1992-01-01', 'Licence Mathématique', '0652384889', 'karim.ziadi@outook.com', '2 Rue du Diadème', '93410', 'images/', 'Vaujours', null, 'Pas d''Absence', 1, 6, 3, null, 3,'bbbb');
INSERT INTO `Stagiaire` (stagiaireID, nomStagiaire, prenomStagiaire, nomPrenom, languesParlees, sexe, dateAnniversaireStagiaire, diplome, telephoneStagiaire, mailStagiaire, adresse, codePostale, photoUrl, ville, cvUrl, assiduiteStagiaire, promotionID, statutFinancementID, statutRecrutementID, dossierPaiementID, niveauAccesID,password) VALUES (30, 'Marton', 'Simon', 'Simon Marton', null, 'Homme', '1990-06-03', 'Licence Pro Marketing', '0641458532', 'simon.marton@hotmail.fr', '4 Boulevard du Jourdain', '93110', 'images/SimonMarton.png', 'Rosny-sous-Bois', null, 'Pas d''Absence', 1, 7, 2, null, 3,'bbbb');
INSERT INTO `Stagiaire` (stagiaireID, nomStagiaire, prenomStagiaire, nomPrenom, languesParlees, sexe, dateAnniversaireStagiaire, diplome, telephoneStagiaire, mailStagiaire, adresse, codePostale, photoUrl, ville, cvUrl, assiduiteStagiaire, promotionID, statutFinancementID, statutRecrutementID, dossierPaiementID, niveauAccesID,password) VALUES (31, 'Badir', 'Rayem', 'Rayem Badir', null, 'Homme', '1993-03-01', 'Licence Pro Tourisme', '0633255741', 'rayem.badir@hotmail.fr', '62 Rue Tiquetonne', '93360', 'images/', 'Neuilly-Plaisance', null, 'Pas d''Absence', 1, 4, 2, null, 3,'bbbb');
INSERT INTO `Stagiaire` (stagiaireID, nomStagiaire, prenomStagiaire, nomPrenom, languesParlees, sexe, dateAnniversaireStagiaire, diplome, telephoneStagiaire, mailStagiaire, adresse, codePostale, photoUrl, ville, cvUrl, assiduiteStagiaire, promotionID, statutFinancementID, statutRecrutementID, dossierPaiementID, niveauAccesID,password) VALUES (32, 'Durand', 'Paul', 'Paul Durand', null, 'Homme', '1987-11-25', 'Licence Lettres', '0758850024', 'paul.durand@gmail.com', '185 Avenue Tiquetonne', '91320', 'images/', 'Wissous', null, 'Pas d''Absence', 1, 4, 2, null, 3,'bbbb');
INSERT INTO `Stagiaire` (stagiaireID, nomStagiaire, prenomStagiaire, nomPrenom, languesParlees, sexe, dateAnniversaireStagiaire, diplome, telephoneStagiaire, mailStagiaire, adresse, codePostale, photoUrl, ville, cvUrl, assiduiteStagiaire, promotionID, statutFinancementID, statutRecrutementID, dossierPaiementID, niveauAccesID,password) VALUES (33, 'Margaux', 'Volère', 'Margaux Volère', null, 'Femme', '1995-02-06', 'Bac S', '0745006231', 'margaux.volere@outlook.com', '18 Rue des Petits Agneaux', '75010', 'images/MargauxVolère.png', 'Paris', null, 'Pas d''Absence', 2, 4, 1, 2, 3,'bbbb');
INSERT INTO `Stagiaire` (stagiaireID, nomStagiaire, prenomStagiaire, nomPrenom, languesParlees, sexe, dateAnniversaireStagiaire, diplome, telephoneStagiaire, mailStagiaire, adresse, codePostale, photoUrl, ville, cvUrl, assiduiteStagiaire, promotionID, statutFinancementID, statutRecrutementID, dossierPaiementID, niveauAccesID,password) VALUES (34, 'Harle', 'Audrey', 'Audrey Harle', null, 'Femme', '1986-05-01', 'Master Entrainement', '0633180265', 'audrey.harle@hotmail.fr', '15 Place de la Seconde Chance', '75011', 'images/AudreyHarle.png', 'Paris', null, 'Pas d''Absence', 1, 2, 1, 3, 3,'bbbb');
INSERT INTO `Stagiaire` (stagiaireID, nomStagiaire, prenomStagiaire, nomPrenom, languesParlees, sexe, dateAnniversaireStagiaire, diplome, telephoneStagiaire, mailStagiaire, adresse, codePostale, photoUrl, ville, cvUrl, assiduiteStagiaire, promotionID, statutFinancementID, statutRecrutementID, dossierPaiementID, niveauAccesID,password) VALUES (35, 'Dupond', 'Jean', 'Jean Dupond', null, 'Homme', '1992-03-12', 'Bac Pro Commerce', '0759842905', 'jean.dupond@hotmail.com', '4 Boulevard du Jourdain', '75015', 'images/', 'Paris', null, 'Pas d''Absence', 2, 1, 3, null, 3,'bbbb');
INSERT INTO `Stagiaire` (stagiaireID, nomStagiaire, prenomStagiaire, nomPrenom, languesParlees, sexe, dateAnniversaireStagiaire, diplome, telephoneStagiaire, mailStagiaire, adresse, codePostale, photoUrl, ville, cvUrl, assiduiteStagiaire, promotionID, statutFinancementID, statutRecrutementID, dossierPaiementID, niveauAccesID,password) VALUES (36, 'Renard', 'Magalie', 'Magalie Renard', null, 'Femme', '2000-12-25', 'Bac Pro Gestion', '0644121200', 'magalie.renard@gmail.fr', '77 Avenue Magellan', '93360', 'images/MagalieRenard.png', 'Neuilly-Plaisance', null, 'Pas d''Absence', 2, 1, 1, null, 3,'bbbb');
INSERT INTO `Stagiaire` (stagiaireID, nomStagiaire, prenomStagiaire, nomPrenom, languesParlees, sexe, dateAnniversaireStagiaire, diplome, telephoneStagiaire, mailStagiaire, adresse, codePostale, photoUrl, ville, cvUrl, assiduiteStagiaire, promotionID, statutFinancementID, statutRecrutementID, dossierPaiementID, niveauAccesID,password) VALUES (37, 'Barteau', 'Charles', 'Charles Barteau', null, 'Homme', '1994-08-21', 'Licence Mathématiques', '0745451803', 'charles.barteau@hotmail.fr', '16 Boulevard des Plages', '94360', 'images/CharlesBarteau.png', 'Bry-sur-Seine', null, 'Pas d''Absence', 1, 7, 2, 3, 3,'bbbb');
INSERT INTO `Stagiaire` (stagiaireID, nomStagiaire, prenomStagiaire, nomPrenom, languesParlees, sexe, dateAnniversaireStagiaire, diplome, telephoneStagiaire, mailStagiaire, adresse, codePostale, photoUrl, ville, cvUrl, assiduiteStagiaire, promotionID, statutFinancementID, statutRecrutementID, dossierPaiementID, niveauAccesID,password) VALUES (38, 'Perle', 'Louis', 'Louis Perle', null, 'Homme', '1985-06-16', 'Master Histoire de l''Art', '0655441218', 'louis.perle@gmail.com', '8 Place de la Liberté', '94150', 'images/', 'Rungis', null, 'Pas d''Absence', 1, 6, 3, null, 3,'bbbb');
INSERT INTO `Stagiaire` (stagiaireID, nomStagiaire, prenomStagiaire, nomPrenom, languesParlees, sexe, dateAnniversaireStagiaire, diplome, telephoneStagiaire, mailStagiaire, adresse, codePostale, photoUrl, ville, cvUrl, assiduiteStagiaire, promotionID, statutFinancementID, statutRecrutementID, dossierPaiementID, niveauAccesID,password) VALUES (39, 'Perrault', 'Pierre', 'Pierre Perrault', null, 'Homme', '1989-04-30', 'Licence Gestion des Administrations', '0745451802', 'pierre.perrault@hotmail.fr', '6 bis Rue du Petit Lait', '94300', 'images/', 'Vincennes', null, 'Pas d''Absence', 1, 1, 1, 4, 3,'bbbb');
INSERT INTO `Stagiaire` (stagiaireID, nomStagiaire, prenomStagiaire, nomPrenom, languesParlees, sexe, dateAnniversaireStagiaire, diplome, telephoneStagiaire, mailStagiaire, adresse, codePostale, photoUrl, ville, cvUrl, assiduiteStagiaire, promotionID, statutFinancementID, statutRecrutementID, dossierPaiementID, niveauAccesID,password) VALUES (40, 'Poli', 'Marie', 'Marie Poli', null, 'Femme', '1993-07-14', 'Bac Pro Vente', '0699484851', 'marie.poli@gmail.com', '6 bis Rue du Petit Lait', '95420', 'images/MariePoli.png', 'Hodent', null, 'Pas d''Absence', 2, 5, 3, null, 3,'bbbb');
INSERT INTO `Stagiaire` (stagiaireID, nomStagiaire, prenomStagiaire, nomPrenom, languesParlees, sexe, dateAnniversaireStagiaire, diplome, telephoneStagiaire, mailStagiaire, adresse, codePostale, photoUrl, ville, cvUrl, assiduiteStagiaire, promotionID, statutFinancementID, statutRecrutementID, dossierPaiementID, niveauAccesID,password) VALUES (41, 'Marchand', 'Lola', 'Lola Marchand', null, 'Femme', '1991-10-28', 'Web Designer', '0745333321', 'lola.marchand@outlook.com', '9 Rue Tiquetonne', '95150', 'images/LolaMarchand.png', 'Taverny', null, 'Pas d''Absence', 1, 7, 2, 2, 3,'bbbb');
INSERT INTO `Stagiaire` (stagiaireID, nomStagiaire, prenomStagiaire, nomPrenom, languesParlees, sexe, dateAnniversaireStagiaire, diplome, telephoneStagiaire, mailStagiaire, adresse, codePostale, photoUrl, ville, cvUrl, assiduiteStagiaire, promotionID, statutFinancementID, statutRecrutementID, dossierPaiementID, niveauAccesID,password) VALUES (42, 'Ngané', 'Illa', 'Illa Ngané', 'Anglais, Peruvien, Espagnol, Portugais', 'Femme', '1992-05-06', 'Master Culture et Communication', '0618185259', 'illa.ngané@gmail.fr', '25 Avenue des Gourmandises', '77184', 'images/IllaNgané.png', 'Emerainville', null, 'Pas d''Absence', 1, 1, 3, null, 3,'bbbb');
INSERT INTO `Stagiaire` (stagiaireID, nomStagiaire, prenomStagiaire, nomPrenom, languesParlees, sexe, dateAnniversaireStagiaire, diplome, telephoneStagiaire, mailStagiaire, adresse, codePostale, photoUrl, ville, cvUrl, assiduiteStagiaire, promotionID, statutFinancementID, statutRecrutementID, dossierPaiementID, niveauAccesID,password) VALUES (43, 'Bizier', 'Colette', 'Colette Bizier', 'Anglais, Arabe, Espagnol, Portugais', 'Femme', '1993-06-25', 'BTS Economie sociale familiale', '0789512541', 'colettebizier@gmail.fr', '12 Rue Raoul Berton ', '75001', 'images/', 'Paris', null, 'Pas d''Absence', 1, 1, 2, null, 3,'bbbb');
INSERT INTO `Stagiaire` (stagiaireID, nomStagiaire, prenomStagiaire, nomPrenom, languesParlees, sexe, dateAnniversaireStagiaire, diplome, telephoneStagiaire, mailStagiaire, adresse, codePostale, photoUrl, ville, cvUrl, assiduiteStagiaire, promotionID, statutFinancementID, statutRecrutementID, dossierPaiementID, niveauAccesID,password) VALUES (44, 'Marquis ', 'Laurence', 'Laurence Marquis', 'Peruvien, Espagnol ', 'Femme', '1994-07-10', 'Master Management du sport', '0685965478', 'laurence.marquis@gmail.fr', '42 Avenue Du Raincy', '75001', 'images/', 'Paris', null, 'Pas d''Absence', 2, 4, 1, null, 3,'bbbb');
INSERT INTO `Stagiaire` (stagiaireID, nomStagiaire, prenomStagiaire, nomPrenom, languesParlees, sexe, dateAnniversaireStagiaire, diplome, telephoneStagiaire, mailStagiaire, adresse, codePostale, photoUrl, ville, cvUrl, assiduiteStagiaire, promotionID, statutFinancementID, statutRecrutementID, dossierPaiementID, niveauAccesID,password) VALUES (45, 'Marquis', 'Clarice', 'Clarice Marquis', 'Anglais, Arabe ', 'Femme', '1995-08-11', 'BTS Analyses de biologie médicale', '0678965412', 'claricemarquis@gmail.fr', '10 Avenue De La Republique', '75018', 'images/', 'Paris', null, 'Pas d''Absence', 2, 1, 2, null, 3,'bbbb');
INSERT INTO `Stagiaire` (stagiaireID, nomStagiaire, prenomStagiaire, nomPrenom, languesParlees, sexe, dateAnniversaireStagiaire, diplome, telephoneStagiaire, mailStagiaire, adresse, codePostale, photoUrl, ville, cvUrl, assiduiteStagiaire, promotionID, statutFinancementID, statutRecrutementID, dossierPaiementID, niveauAccesID,password) VALUES (46, 'Quinn', 'Adèle', 'Adèle Quinn', 'Anglais, Italien, Espagnol, Portugais', 'Femme', '1996-09-14', 'BTS Diététique', '0745863200', 'a.quinn@gmail.fr', '90 Avenue De La Division Leclerc', '75018', 'images/', 'Paris', null, 'Pas d''Absence', 3, 4, 2, null, 3,'bbbb');
INSERT INTO `Stagiaire` (stagiaireID, nomStagiaire, prenomStagiaire, nomPrenom, languesParlees, sexe, dateAnniversaireStagiaire, diplome, telephoneStagiaire, mailStagiaire, adresse, codePostale, photoUrl, ville, cvUrl, assiduiteStagiaire, promotionID, statutFinancementID, statutRecrutementID, dossierPaiementID, niveauAccesID,password) VALUES (47, 'Parenteau', 'Alice', 'Alice Parenteau', 'Peruvien, Espagnol, Allemand', 'Femme', '2001-10-17', 'BTS Economie sociale familiale', '0678596244', 'alice.parenteau@gmail.fr', '62 Rue Marcelin Berthelot', '75018', 'images/AliceParenteau.jpg', 'Paris', null, 'Pas d''Absence', 4, 1, 2, null, 3,'bbbb');
INSERT INTO `Stagiaire` (stagiaireID, nomStagiaire, prenomStagiaire, nomPrenom, languesParlees, sexe, dateAnniversaireStagiaire, diplome, telephoneStagiaire, mailStagiaire, adresse, codePostale, photoUrl, ville, cvUrl, assiduiteStagiaire, promotionID, statutFinancementID, statutRecrutementID, dossierPaiementID, niveauAccesID,password) VALUES (48, 'Hervieux', 'Fabienne', 'Fabienne Hervieux', 'Anglais, Arabe, Espagnol', 'Femme', '1990-11-18', 'Master Management du sport', '0648525854', 'fabienne.hervieux@gmail.fr', '25 Avenue des Gourmandises', '75016', 'images/', 'Paris', null, 'Pas d''Absence', 3, 4, 1, null, 3,'bbbb');
INSERT INTO `Stagiaire` (stagiaireID, nomStagiaire, prenomStagiaire, nomPrenom, languesParlees, sexe, dateAnniversaireStagiaire, diplome, telephoneStagiaire, mailStagiaire, adresse, codePostale, photoUrl, ville, cvUrl, assiduiteStagiaire, promotionID, statutFinancementID, statutRecrutementID, dossierPaiementID, niveauAccesID,password) VALUES (49, 'Camus', 'Cosette', 'Cosette Camus', 'Anglais, Allemand, Espagnol, Portugais', 'Femme', '1989-12-19', 'Master Management du sport', '0678952554', 'cosettecamus@gmail.fr', '110 Avenue Emile Cossonneau  ', '75016', 'images/', 'Paris', null, 'Pas d''Absence', 4, 7, 1, null, 3,'bbbb');
INSERT INTO `Stagiaire` (stagiaireID, nomStagiaire, prenomStagiaire, nomPrenom, languesParlees, sexe, dateAnniversaireStagiaire, diplome, telephoneStagiaire, mailStagiaire, adresse, codePostale, photoUrl, ville, cvUrl, assiduiteStagiaire, promotionID, statutFinancementID, statutRecrutementID, dossierPaiementID, niveauAccesID,password) VALUES (50, 'Estelle', 'Cormier', 'Estelle Cormier', 'Anglais, Portugais', 'Femme', '1988-01-03', 'Master Management du sport', '0678522259', 'estellecormier@gmail.fr', '53 Rue P. Vaillant Couturier ', '75016', 'images/', 'Paris', null, 'Pas d''Absence', 3, 7, 1, null, 3,'bbbb');
INSERT INTO `Stagiaire` (stagiaireID, nomStagiaire, prenomStagiaire, nomPrenom, languesParlees, sexe, dateAnniversaireStagiaire, diplome, telephoneStagiaire, mailStagiaire, adresse, codePostale, photoUrl, ville, cvUrl, assiduiteStagiaire, promotionID, statutFinancementID, statutRecrutementID, dossierPaiementID, niveauAccesID,password) VALUES (51, 'Melodie', 'Hughes', 'Melodie Hughes', 'Anglais, Allemand', 'Femme', '1970-02-12', 'Master Droit public', '0618956247', 'melodiehughes@gmail.fr', '110 Avenue Emile Cossonneau', '75016', 'images/', 'Paris', null, 'Pas d''Absence', 4, 7, 1, null, 3,'bbbb');
INSERT INTO `Stagiaire` (stagiaireID, nomStagiaire, prenomStagiaire, nomPrenom, languesParlees, sexe, dateAnniversaireStagiaire, diplome, telephoneStagiaire, mailStagiaire, adresse, codePostale, photoUrl, ville, cvUrl, assiduiteStagiaire, promotionID, statutFinancementID, statutRecrutementID, dossierPaiementID, niveauAccesID,password) VALUES (52, 'Melusina', 'Perreault', 'Melusina Perreault', 'Anglais, Mandarin, Espagnol, Portugais', 'Femme', '1980-03-14', 'Master Droit public', '0685962214', 'melusina.perreault@gmail.fr', '15 Rue Gen Leclerc', '75010', 'images/MelusinaPerreault.jpg', 'Paris', null, 'Pas d''Absence', 3, 7, 3, 5, 3,'bbbb');
INSERT INTO `Stagiaire` (stagiaireID, nomStagiaire, prenomStagiaire, nomPrenom, languesParlees, sexe, dateAnniversaireStagiaire, diplome, telephoneStagiaire, mailStagiaire, adresse, codePostale, photoUrl, ville, cvUrl, assiduiteStagiaire, promotionID, statutFinancementID, statutRecrutementID, dossierPaiementID, niveauAccesID,password) VALUES (53, 'Clementine', 'Lejeune', 'Clementine Lejeune', 'Anglais,  Portugais', 'Femme', '1994-04-17', 'Master Droit public', '0788592445', 'clementinelejeune@gmail.fr', '6 Place Churchill ', '75010', 'images/', 'Paris', null, 'Pas d''Absence', 3, 6, 1, null, 3,'bbbb');
INSERT INTO `Stagiaire` (stagiaireID, nomStagiaire, prenomStagiaire, nomPrenom, languesParlees, sexe, dateAnniversaireStagiaire, diplome, telephoneStagiaire, mailStagiaire, adresse, codePostale, photoUrl, ville, cvUrl, assiduiteStagiaire, promotionID, statutFinancementID, statutRecrutementID, dossierPaiementID, niveauAccesID,password) VALUES (54, 'Iva', 'Brunelle', 'Iva Brunelle', 'Anglais, Italien, Espagnol, Portugais', 'Femme', '1990-05-18', 'Master Droit public', '0678525255', 'ivabrunelle@gmail.fr', '10 Avenue De La Republique', '77240', 'images/', 'Cesson', null, 'Pas d''Absence', 4, 6, 2, null, 3,'bbbb');
INSERT INTO `Stagiaire` (stagiaireID, nomStagiaire, prenomStagiaire, nomPrenom, languesParlees, sexe, dateAnniversaireStagiaire, diplome, telephoneStagiaire, mailStagiaire, adresse, codePostale, photoUrl, ville, cvUrl, assiduiteStagiaire, promotionID, statutFinancementID, statutRecrutementID, dossierPaiementID, niveauAccesID,password) VALUES (55, 'Laverne', 'Huot', 'Laverne Huot', 'Arabe ', 'Femme', '1995-05-15', 'BTS Analyses de biologie médicale.', '0675588252', 'l.huot@gmail.fr', '25 Avenue des Gourmandises', '77240', 'images/', 'Cesson', null, 'Pas d''Absence', 4, 6, 2, null, 3,'bbbb');
INSERT INTO `Stagiaire` (stagiaireID, nomStagiaire, prenomStagiaire, nomPrenom, languesParlees, sexe, dateAnniversaireStagiaire, diplome, telephoneStagiaire, mailStagiaire, adresse, codePostale, photoUrl, ville, cvUrl, assiduiteStagiaire, promotionID, statutFinancementID, statutRecrutementID, dossierPaiementID, niveauAccesID,password) VALUES (56, 'Melodie', 'Legault', 'Melodie Legault', 'Anglais, Mandarin, Espagnol, Italien', 'Femme', '1991-06-17', 'BTS Gestion de la PME', '0678652445', 'melodielegault@gmail.fr', '9 avenue Max-Dormoy ', '77240 ', 'images/', 'Cesson', null, 'Pas d''Absence', 4, 6, 2, null, 3,'bbbb');
INSERT INTO `Stagiaire` (stagiaireID, nomStagiaire, prenomStagiaire, nomPrenom, languesParlees, sexe, dateAnniversaireStagiaire, diplome, telephoneStagiaire, mailStagiaire, adresse, codePostale, photoUrl, ville, cvUrl, assiduiteStagiaire, promotionID, statutFinancementID, statutRecrutementID, dossierPaiementID, niveauAccesID,password) VALUES (57, 'Jean', 'Paquet', 'Jean Paquet', 'Anglais, Peruvien, Espagnol, Portugais', 'Homme', '1994-07-17', 'Master Sciences politiques', '0675582427', 'jeanpaquet@gmail.fr', '83 Rue De Bellevue', '92320', 'images/JeanPaquet.jpg', 'Châtillon', null, 'Pas d''Absence', 4, 4, 2, null, 3,'bbbb');
INSERT INTO `Stagiaire` (stagiaireID, nomStagiaire, prenomStagiaire, nomPrenom, languesParlees, sexe, dateAnniversaireStagiaire, diplome, telephoneStagiaire, mailStagiaire, adresse, codePostale, photoUrl, ville, cvUrl, assiduiteStagiaire, promotionID, statutFinancementID, statutRecrutementID, dossierPaiementID, niveauAccesID,password) VALUES (58, 'Yvon', 'Boutot', 'Yvon Boutot', 'Anglais, Allemand, Espagnol, Italien', 'Homme', '1991-08-25', 'Master Sciences politiques', '0788566254', 'yvonboutot@gmail.fr', '16 Rue Gabriel Peri', '92320', 'images/', 'Châtillon', null, 'Pas d''Absence', 4, 4, 2, null, 3,'bbbb');
INSERT INTO `Stagiaire` (stagiaireID, nomStagiaire, prenomStagiaire, nomPrenom, languesParlees, sexe, dateAnniversaireStagiaire, diplome, telephoneStagiaire, mailStagiaire, adresse, codePostale, photoUrl, ville, cvUrl, assiduiteStagiaire, promotionID, statutFinancementID, statutRecrutementID, dossierPaiementID, niveauAccesID,password) VALUES (59, 'Fabien', 'Beaudoin', 'Fabien Beaudoin', 'Anglais, Mandarin, Espagnol, Portugais', 'Homme', '1992-09-15', 'Master Sciences politiques', '0788622558', 'fabienbeaudoin@gmail.fr', '29 Rue Ernest Renan', '92320', 'images/', 'Châtillon', null, 'Pas d''Absence', 4, 4, 2, 2, 3,'bbbb');
INSERT INTO `Stagiaire` (stagiaireID, nomStagiaire, prenomStagiaire, nomPrenom, languesParlees, sexe, dateAnniversaireStagiaire, diplome, telephoneStagiaire, mailStagiaire, adresse, codePostale, photoUrl, ville, cvUrl, assiduiteStagiaire, promotionID, statutFinancementID, statutRecrutementID, dossierPaiementID, niveauAccesID,password) VALUES (60, 'Bernard', 'Benjamin', 'Bernard Benjamin', 'Anglais', 'Homme', '1990-10-14', 'BTS Gestion de la PME', '0689565589', 'bernard.benjamin@gmail.fr', '118 Boulevard Gabriel Peri', '92320', 'images/', 'Châtillon', null, 'Pas d''Absence', 4, 6, 2, null, 3,'bbbb');
INSERT INTO `Stagiaire` (stagiaireID, nomStagiaire, prenomStagiaire, nomPrenom, languesParlees, sexe, dateAnniversaireStagiaire, diplome, telephoneStagiaire, mailStagiaire, adresse, codePostale, photoUrl, ville, cvUrl, assiduiteStagiaire, promotionID, statutFinancementID, statutRecrutementID, dossierPaiementID, niveauAccesID,password) VALUES (61, 'Francis', 'David', 'Francis David', 'Anglais, Peruvien, Espagnol, Portugais', 'Homme', '1990-11-15', 'Master Design', '0678596248', 'fdavid@gmail.fr', '48 Boulevard De Vanves', '95470 ', 'images/', 'Fosses', null, 'Pas d''Absence', 4, 3, 2, null, 3,'bbbb');
INSERT INTO `Stagiaire` (stagiaireID, nomStagiaire, prenomStagiaire, nomPrenom, languesParlees, sexe, dateAnniversaireStagiaire, diplome, telephoneStagiaire, mailStagiaire, adresse, codePostale, photoUrl, ville, cvUrl, assiduiteStagiaire, promotionID, statutFinancementID, statutRecrutementID, dossierPaiementID, niveauAccesID,password) VALUES (62, 'Kerman', 'Reault', 'Kerman Reault', 'Anglais', 'Homme', '1991-04-17', 'Master Biologie', '0645862477', 'kerman.reault@gmail.fr', '47 Rue Anatole France', '95470 ', 'images/', 'Fosses', null, 'Pas d''Absence', 3, 3, 3, null, 3,'bbbb');
INSERT INTO `Stagiaire` (stagiaireID, nomStagiaire, prenomStagiaire, nomPrenom, languesParlees, sexe, dateAnniversaireStagiaire, diplome, telephoneStagiaire, mailStagiaire, adresse, codePostale, photoUrl, ville, cvUrl, assiduiteStagiaire, promotionID, statutFinancementID, statutRecrutementID, dossierPaiementID, niveauAccesID,password) VALUES (63, 'Vernon', 'Louineaux', 'Vernon Louineaux', 'Anglais, Arabe, Espagnol, Portugais', 'Homme', '1992-07-18', 'Master Biologie', '0789555874', 'vernonlouineaux@gmail.fr', '64 Rue De Colombes', '95470 ', 'images/', 'Fosses', null, 'Pas d''Absence', 3, 2, 3, 1, 3,'bbbb');
INSERT INTO `Stagiaire` (stagiaireID, nomStagiaire, prenomStagiaire, nomPrenom, languesParlees, sexe, dateAnniversaireStagiaire, diplome, telephoneStagiaire, mailStagiaire, adresse, codePostale, photoUrl, ville, cvUrl, assiduiteStagiaire, promotionID, statutFinancementID, statutRecrutementID, dossierPaiementID, niveauAccesID,password) VALUES (64, 'Joseph', 'Lagueux', 'Joseph Lagueux', 'Anglais, Peruvien, Espagnol, Portugais', 'Homme', '1994-08-12', 'Master Langues vivantes', '0675855558', 'josephlagueux@gmail.fr', '13 Avenue De Bretagne', '95470 ', 'images/', 'Fosses', null, 'Pas d''Absence', 3, 2, 3, 6, 3,'bbbb');
INSERT INTO `Stagiaire` (stagiaireID, nomStagiaire, prenomStagiaire, nomPrenom, languesParlees, sexe, dateAnniversaireStagiaire, diplome, telephoneStagiaire, mailStagiaire, adresse, codePostale, photoUrl, ville, cvUrl, assiduiteStagiaire, promotionID, statutFinancementID, statutRecrutementID, dossierPaiementID, niveauAccesID,password) VALUES (65, 'Charlot ', 'Thibault', 'Charlot Thibault', 'Anglais', 'Homme', '1993-04-14', 'Master Langues vivantes', '0647575758', 'charlotthibault@gmail.fr', '48 Route De Paris', '78930 ', 'images/', 'Vert', null, 'Pas d''Absence', 3, 2, 3, null, 3,'bbbb');
INSERT INTO `Stagiaire` (stagiaireID, nomStagiaire, prenomStagiaire, nomPrenom, languesParlees, sexe, dateAnniversaireStagiaire, diplome, telephoneStagiaire, mailStagiaire, adresse, codePostale, photoUrl, ville, cvUrl, assiduiteStagiaire, promotionID, statutFinancementID, statutRecrutementID, dossierPaiementID, niveauAccesID,password) VALUES (66, 'Fabien', 'Turgeon', 'Fabien Turgeon', 'Anglais, Italien, Espagnol', 'Homme', '1994-04-14', 'Master Design', '0685258566', 'fabienturgeon@gmail.fr', '1 Place Rondelet', '78930 ', 'images/', 'Vert', null, 'Pas d''Absence', 3, 3, 3, null, 3,'bbbb');
INSERT INTO `Stagiaire` (stagiaireID, nomStagiaire, prenomStagiaire, nomPrenom, languesParlees, sexe, dateAnniversaireStagiaire, diplome, telephoneStagiaire, mailStagiaire, adresse, codePostale, photoUrl, ville, cvUrl, assiduiteStagiaire, promotionID, statutFinancementID, statutRecrutementID, dossierPaiementID, niveauAccesID,password) VALUES (67, 'Nicolas', 'DeGrasse', 'Nicolas DeGrasse', 'Anglais, Mandarin, Espagnol, Portugais', 'Homme', '1992-10-18', 'Master Gestion d’entreprise', '0658787888', 'nicolasdegrasse@gmail.fr', '31 Rue Saint Louis', '78930 ', 'images/', 'Vert', null, 'Pas d''Absence', 3, 2, 3, 1, 3,'bbbb');
INSERT INTO `Stagiaire` (stagiaireID, nomStagiaire, prenomStagiaire, nomPrenom, languesParlees, sexe, dateAnniversaireStagiaire, diplome, telephoneStagiaire, mailStagiaire, adresse, codePostale, photoUrl, ville, cvUrl, assiduiteStagiaire, promotionID, statutFinancementID, statutRecrutementID, dossierPaiementID, niveauAccesID,password) VALUES (68, 'Douglas', 'Alves Pereira', 'Douglas Alves Pereira', 'Anglais, Italien', 'Femme', '1996-08-26', 'Master Gestion d’entreprise', '0647578578', 'alvespereira@gmail.fr', '3 Avenue De Pezenas ', '78930 ', 'images/', 'Vert', null, 'Pas d''Absence', 3, 3, 3, null, 3,'bbbb');
INSERT INTO `Stagiaire` (stagiaireID, nomStagiaire, prenomStagiaire, nomPrenom, languesParlees, sexe, dateAnniversaireStagiaire, diplome, telephoneStagiaire, mailStagiaire, adresse, codePostale, photoUrl, ville, cvUrl, assiduiteStagiaire, promotionID, statutFinancementID, statutRecrutementID, dossierPaiementID, niveauAccesID,password) VALUES (69, 'Luca', 'Monaldo', 'Luca Monaldo', 'Anglais, Arabe, Espagnol, Portugais', 'Homme', '1992-05-06', 'Master Histoire', '0658767757', 'luca.o@gmail.fr', '8 Quai De La Resistance', '77184', 'images/', 'Emerainville', null, 'Pas d''Absence', 3, 2, 3, 5, 3,'bbbb');
INSERT INTO `Stagiaire` (stagiaireID, nomStagiaire, prenomStagiaire, nomPrenom, languesParlees, sexe, dateAnniversaireStagiaire, diplome, telephoneStagiaire, mailStagiaire, adresse, codePostale, photoUrl, ville, cvUrl, assiduiteStagiaire, promotionID, statutFinancementID, statutRecrutementID, dossierPaiementID, niveauAccesID,password) VALUES (70, 'Leo ', 'Chamberlain', 'Leo Chamberlain', 'Anglais, Italien, Portugais', 'Homme', '1992-04-06', 'Master Histoire', '0675757878', 'leoberlain@gmail.fr', '8 Rue Maurice Clavel', '77184', 'images/', 'Emerainville', null, 'Pas d''Absence', 3, 3, 2, null, 3,'bbbb');
INSERT INTO `Stagiaire` (stagiaireID, nomStagiaire, prenomStagiaire, nomPrenom, languesParlees, sexe, dateAnniversaireStagiaire, diplome, telephoneStagiaire, mailStagiaire, adresse, codePostale, photoUrl, ville, cvUrl, assiduiteStagiaire, promotionID, statutFinancementID, statutRecrutementID, dossierPaiementID, niveauAccesID,password) VALUES (71, 'Samuel', 'Gray', 'Samuel Gray', 'Anglais, Mandarin, ', 'Homme', '1992-05-06', 'Master Histoire', '0675875788', 'samuelgray@gmail.fr', '4 Rue De La Republique', '77184', 'images/', 'Emerainville', null, 'Pas d''Absence', 3, 3, 3, 4, 3,'bbbb');
-- processus de recrutement
insert into `ProcessusRecrutement` (processusRecrutementID, entrepriseID, stagiaireID, statutProcessusRecrutementID) VALUES ('1', '1', '1', '2');
insert into `ProcessusRecrutement` (processusRecrutementID, entrepriseID, stagiaireID, statutProcessusRecrutementID) VALUES ('2', '4', '1', '1');
insert into `ProcessusRecrutement` (processusRecrutementID, entrepriseID, stagiaireID, statutProcessusRecrutementID) VALUES ('3', '3', '2', '3');
insert into `ProcessusRecrutement` (processusRecrutementID, entrepriseID, stagiaireID, statutProcessusRecrutementID) VALUES ('4', '4', '2', '2');
insert into `ProcessusRecrutement` (processusRecrutementID, entrepriseID, stagiaireID, statutProcessusRecrutementID) VALUES ('5', '1', '3', '1');
insert into `ProcessusRecrutement` (processusRecrutementID, entrepriseID, stagiaireID, statutProcessusRecrutementID) VALUES ('6', '5', '46', '2');
insert into `ProcessusRecrutement` (processusRecrutementID, entrepriseID, stagiaireID, statutProcessusRecrutementID) VALUES ('7', '3', '47', '3');
insert into `ProcessusRecrutement` (processusRecrutementID, entrepriseID, stagiaireID, statutProcessusRecrutementID) VALUES ('8', '5', '52', '3');
insert into `processusrecrutement` (processusRecrutementID, entrepriseID, stagiaireID, statutProcessusRecrutementID) VALUES ('9', '3', '27', '1');
insert into `processusrecrutement` (processusRecrutementID, entrepriseID, stagiaireID, statutProcessusRecrutementID) VALUES ('10', '3', '57', '2');
-- niveau de priorité
insert into `NiveauxPriorite` (niveauxPrioriteID, nomPriorite, color) values (1, 'Elevé','red');
insert into `NiveauxPriorite` (niveauxPrioriteID, nomPriorite, color) values (2, 'Moyen','orange');
insert into `NiveauxPriorite` (niveauxPrioriteID, nomPriorite, color) values (3, 'Faible','green');
-- niveau de progression
insert into `ProgressionToDo` (progressionID, niveauProgression) values (1, 'A faire');
insert into `ProgressionToDo` (progressionID, niveauProgression) values (2, 'En cours');
insert into `ProgressionToDo` (progressionID, niveauProgression) values (3, 'Terminé');

-- To Do List
insert into `Todolist` (todolistID, contenuTache, dateLimiteTache, nomTache, personnesConcernees, progressionID, niveauxPrioriteID) values (1, 'Préparation de devis de la formation pour chaque stagiaire et Envoi des devis par mail pour signature', '2020-03-06', 'Préparation Devis', 'Secrétaire, comptable',3 , 2);
insert into `Todolist` (todolistID, contenuTache, dateLimiteTache, nomTache, personnesConcernees, progressionID, niveauxPrioriteID) values (2, 'Préparation de contrat de partenariat avec le Hotel Hilton', '2020-17-06', 'Contrat partenariat', 'Directeur, Secrétaire, comptable',2 , 1);
insert into `Todolist` (todolistID, contenuTache, dateLimiteTache, nomTache, personnesConcernees, progressionID, niveauxPrioriteID) values (3, 'Préparation de programmes de Job Dating et la liste des participants', '2020-03-07', 'Job Dating', 'Secrétaire comptable',1 , 3);
insert into `Todolist` (todolistID, contenuTache, dateLimiteTache, nomTache, personnesConcernees, progressionID, niveauxPrioriteID) values (4, 'Envoi des promesses d''embauche au pole emploi pour activer une POEI', '2020-03-06', 'Activation POEI', 'Secrétaire',3 , 1);
insert into `Todolist` (todolistID, contenuTache, dateLimiteTache, nomTache, personnesConcernees, progressionID, niveauxPrioriteID) values (5, 'Etude des offres d''emploi, et envoie des candidatures de nos stagiaires', '2020-13-08', 'Envoi des candidatures', 'Secrétaire, directeur',2 , 1);
insert into `Todolist` (todolistID, contenuTache, dateLimiteTache, nomTache, personnesConcernees, progressionID, niveauxPrioriteID) values (6, 'Préparation d''une proposition de prospection avec le Bristol Hotel', '2020-22-06', 'Prospection', 'Prospecteur',2 , 2);
insert into `Todolist` (todolistID, contenuTache, dateLimiteTache, nomTache, personnesConcernees, progressionID, niveauxPrioriteID) values (7, 'Vérification des informations transmises par le prospect avant signature du contrat de partenariat', '2020-06-11', 'Prospection', 'Prospecteur',1 , 1);

-- etape de validation
insert into `EtapeValidation` (etapeValidationID, etape) values (1, 'A programmer');
insert into `EtapeValidation` (etapeValidationID, etape) values (2, 'En cours');
insert into `EtapeValidation` (etapeValidationID, etape) values (3, 'Validé');
insert into `EtapeValidation` (etapeValidationID, etape) values (4, 'Refusé');

-- note
insert into `Note` (noteID, contenuNote) values (1, 'Envoyer devis à Selectour concernant Magalie Renard');

-- emailRecu

insert into `EmailRecu` (`emailRecuID`, `contenu`, `dateEvenement`, `objet`, `pieceJointe`, `entrepriseID`, `stagiaireID`) VALUES ('1', 'Merci de bien vouloir nous renvoyer le devis de formation signé', '25-02-2020', 'Devis Formation',  null, null , '3');
insert into `EmailRecu` (`emailRecuID`, `contenu`, `dateEvenement`, `objet`, `pieceJointe`, `entrepriseID`, `stagiaireID`) VALUES ('2', 'Veuillez notez que vous avesz un entretient le 04 Juin 2020 avec l"Entreprise Hilton', '02-06-2020', 'Entretient',  null, null , '3');
insert into `EmailRecu` (`emailRecuID`, `contenu`, `dateEvenement`, `objet`, `pieceJointe`, `entrepriseID`, `stagiaireID`) VALUES ('3', 'Bonjour, nous sommes heureux de vous annoncer que votre candidature a été acceptée. Veuillez retrouver ci joint  la liste des justificatifs à fournir pour votre inscription', '15-02-2020', 'Inscription', 'Liste des Pieces Jointes', null, '3');
insert into `EmailRecu` (`emailRecuID`, `contenu`, `dateEvenement`, `objet`, `pieceJointe`, `entrepriseID`, `stagiaireID`) VALUES ('4', 'Bonjour, nous sommes heureux de vous annoncer que votre candidature chez Mercure a été acceptée... ', '10-06-2020', 'Réponse Recrutement', 'Promesse d''Embauche', null, '52');
insert into `EmailRecu` (`emailRecuID`, `contenu`, `dateEvenement`, `objet`, `pieceJointe`, `entrepriseID`, `stagiaireID`) VALUES ('5', 'Merci de bien vouloir nous renvoyer le devis de formation signé', '25-02-2020', 'Devis Formation', null, null, '1');
insert into `EmailRecu` (`emailRecuID`, `contenu`, `dateEvenement`, `objet`, `pieceJointe`, `entrepriseID`, `stagiaireID`) VALUES ('6', 'Veuillez notez que vous avesz un entretient le 04 Juin 2020 avec l''Entreprise Hilton', '02-06-2020', 'Entretient',  null, null, '1');
insert into `EmailRecu` (`emailRecuID`, `contenu`, `dateEvenement`, `objet`, `pieceJointe`, `entrepriseID`, `stagiaireID`) VALUES ('7', 'Bonjour, nous sommes heureux de vous annoncer que votre candidature a été acceptée. Veuillez retrouver ci joint  la liste des justificatifs à fournir pour votre inscription', '15-02-2020', 'Inscription', 'Liste des Pieces Jointes', null, '1');
insert into `EmailRecu` (`emailRecuID`, `contenu`, `dateEvenement`, `objet`, `pieceJointe`, `entrepriseID`, `stagiaireID`) VALUES ('8', 'Veuillez notez que vous avesz un entretient le 04 Juin 2020 avec l''Entreprise Hilton', '25-04-2020', 'Entretient', null, null, '52');
insert into `EmailRecu` (`emailRecuID`, `contenu`, `dateEvenement`, `objet`, `pieceJointe`, `entrepriseID`, `stagiaireID`) VALUES ('9', 'Bonjour, comme demandé nous vous envoyons les CV des stagiaires que vous avez sélectionné', '14-04-2020', 'CV stagiaires', 'CV', '5', null);
insert into `EmailRecu` (`emailRecuID`, `contenu`, `dateEvenement`, `objet`, `pieceJointe`, `entrepriseID`, `stagiaireID`) VALUES ('10', 'Bonjour, comme demandé nous vous envoyons les CV des stagiaires que vous avez sélectionné', '15-02-2020', 'CV stagiaires', 'CV', '1', null);
insert into `EmailRecu` (`emailRecuID`, `contenu`, `dateEvenement`, `objet`, `pieceJointe`, `entrepriseID`, `stagiaireID`) VALUES ('11', 'Bonjour, comme demandé nous vous envoyons les CV des stagiaires que vous avez sélectionné', '15-02-2020', 'CV stagiaires', 'CV', '2', null);
insert into `EmailRecu` (`emailRecuID`, `contenu`, `dateEvenement`, `objet`, `pieceJointe`, `entrepriseID`, `stagiaireID`) VALUES ('12', 'Bonjour, comme demandé nous vous envoyons les CV des stagiaires que vous avez sélectionné', '10-06-2020', 'CV stagiaires', 'CV', '3', null);

-- offre emploi
insert into `OffreEmploi` (offreEmploiID, nomOffreEmploi, descriptionPoste, salaires, entrepriseID, preferenceTypeContrat) values (1, 'Gérant d''Hôtel', 'Adaptabilité, Qualités relationnelles et commerciales, Maîtrise d’une ou plusieurs langues étrangères', 2500 ,1 ,null );
insert into `OffreEmploi` (offreEmploiID, nomOffreEmploi, descriptionPoste, salaires, entrepriseID, preferenceTypeContrat) values (2, 'Sommelier', 'Qualités relationnelles, Maîtrise d’une ou plusieurs langues étrangères, Résistance physique', 3000 ,2 ,null );
insert into `OffreEmploi` (offreEmploiID, nomOffreEmploi, descriptionPoste, salaires, entrepriseID, preferenceTypeContrat) values (3, 'Chef de rang', 'La courtoisie, une présentation impeccable et le sens du contact ', 3300 ,3 ,null );
insert into `OffreEmploi` (offreEmploiID, nomOffreEmploi, descriptionPoste, salaires, entrepriseID, preferenceTypeContrat) values (4, 'Gérant d''Hôtel', 'Maîtrise d’une ou plusieurs langues étrangères, Résistance physique', 2200 ,4 ,null );
insert into `OffreEmploi` (offreEmploiID, nomOffreEmploi, descriptionPoste, salaires, entrepriseID, preferenceTypeContrat) values (5, 'Sommelier', 'Maîtrise d’une ou plusieurs langues étrangères, Résistance physique', 2850 ,5 ,null );
insert into `OffreEmploi` (offreEmploiID, nomOffreEmploi, descriptionPoste, salaires, entrepriseID, preferenceTypeContrat) values (6, 'Chef de rang', 'le sens du contact, La courtoisie', 2950 ,6 ,null );
insert into `OffreEmploi` (offreEmploiID, nomOffreEmploi, descriptionPoste, salaires, entrepriseID, preferenceTypeContrat) values (7, 'Maître d’hôtel', 'Sens de l’observation et du détail, Diplomatie et aptitude à résoudre les conflits', 2200 ,7 ,null );
insert into `OffreEmploi` (offreEmploiID, nomOffreEmploi, descriptionPoste, salaires, entrepriseID, preferenceTypeContrat) values (8, 'Gérant d''Hôtel', 'Maîtrise d’une ou plusieurs langues étrangères, Résistance physique', 2200 ,14 ,null );
insert into `OffreEmploi` (offreEmploiID, nomOffreEmploi, descriptionPoste, salaires, entrepriseID, preferenceTypeContrat) values (9, 'Un très bon relationnel, amabilité, courtoisieDes talents de manager et l’esprit d’équipe', 1800 ,8 ,null );
insert into `OffreEmploi` (offreEmploiID, nomOffreEmploi, descriptionPoste, salaires, entrepriseID, preferenceTypeContrat) values (10, 'Sommelier', 'Un très bon relationnel, amabilité, courtoisie', 2780 ,9 ,null );
insert into `OffreEmploi` (offreEmploiID, nomOffreEmploi, descriptionPoste, salaires, entrepriseID, preferenceTypeContrat) values (11, 'Gérant d''Hôtel', 'La courtoisie, une présentation impeccable et le sens du contact ', 2500 ,10 ,null );
insert into `OffreEmploi` (offreEmploiID, nomOffreEmploi, descriptionPoste, salaires, entrepriseID, preferenceTypeContrat) values (12, 'Chef de rang', 'Souci d''hygiène et de propreté, Discipline et organisation', 2300 ,11 ,null );
insert into `OffreEmploi` (offreEmploiID, nomOffreEmploi, descriptionPoste, salaires, entrepriseID, preferenceTypeContrat) values (13, 'Maître d’hôtel', 'La courtoisie, une présentation impeccable et le sens du contact ', 3000 ,12 ,null );
insert into `OffreEmploi` (offreEmploiID, nomOffreEmploi, descriptionPoste, salaires, entrepriseID, preferenceTypeContrat) values (14, 'Chef de rang', 'La courtoisie, une présentation impeccable et le sens du contact ', 2850 ,13 ,null );


